{
  "name": "fullstack_deployment",
  "description": "Create complete app with backend, frontend, database",
  "chain": [
    {
      "server": "development",
      "tool": "generate_api",
      "params": {
        "spec": "{{api_specification}}",
        "framework": "hono",
        "auth": "jwt"
      },
      "output_to": "api_code"
    },
    {
      "server": "cloudflare",
      "tool": "workers_create",
      "params": {
        "name": "{{app_name}}-api",
        "script": "{{api_code.content}}"
      },
      "output_to": "api_worker"
    },
    {
      "server": "neon",
      "tool": "d1_database_create",
      "params": {
        "name": "{{app_name}}-db",
        "primary_location_hint": "wnam"
      },
      "output_to": "database"
    },
    {
      "server": "neon",
      "tool": "d1_database_query",
      "params": {
        "database_id": "{{database.id}}",
        "sql": "{{schema_sql}}"
      },
      "output_to": "schema_result"
    },
    {
      "server": "development",
      "tool": "build_ui",
      "params": {
        "framework": "react",
        "api_endpoint": "{{api_worker.url}}",
        "components": ["auth", "dashboard", "crud"]
      },
      "output_to": "frontend_code"
    },
    {
      "server": "github",
      "tool": "create_repo",
      "params": {
        "name": "{{app_name}}",
        "private": false
      },
      "output_to": "repo"
    },
    {
      "server": "github",
      "tool": "commit_files",
      "params": {
        "repo": "{{repo.name}}",
        "files": {
          "api/index.js": "{{api_code.content}}",
          "frontend/App.jsx": "{{frontend_code.content}}",
          "wrangler.toml": "{{api_worker.config}}",
          "schema.sql": "{{schema_sql}}"
        },
        "message": "Initial deployment via ChittyMCP"
      },
      "output_to": "commit"
    },
    {
      "server": "cloudflare",
      "tool": "pages_deploy",
      "params": {
        "repo": "{{repo.url}}",
        "build_command": "npm run build",
        "output_directory": "dist"
      },
      "output_to": "pages_deployment"
    }
  ]
}
