{
  "name": "team_coordination",
  "description": "Coordinate team tasks across platforms",
  "chain": [
    {
      "server": "notion",
      "tool": "search",
      "params": {
        "query": "tasks due today",
        "query_type": "internal"
      },
      "output_to": "today_tasks"
    },
    {
      "server": "executive",
      "tool": "coo_operations",
      "params": {
        "tasks": "{{today_tasks.results}}",
        "prioritize": true
      },
      "output_to": "task_priority"
    },
    {
      "server": "imessage",
      "tool": "send_message",
      "params": {
        "to": "{{team_lead_phone}}",
        "message": "Priority tasks for today:\\n{{task_priority.top_3}}"
      },
      "output_to": "message_sent"
    },
    {
      "server": "github",
      "tool": "create_issue",
      "params": {
        "repo": "chittyos/daily",
        "title": "Daily Priority - {{date}}",
        "body": "{{task_priority.detailed_list}}",
        "assignees": ["{{github_usernames}}"]
      },
      "output_to": "github_issues"
    },
    {
      "server": "automation",
      "tool": "create_workflow",
      "params": {
        "name": "daily_standup_{{date}}",
        "triggers": ["9:00 AM"],
        "actions": [
          {
            "tool": "spotify",
            "action": "play_playlist",
            "params": {"playlist": "Focus Flow"}
          },
          {
            "tool": "osascript",
            "action": "display_notification",
            "params": {"message": "Daily tasks ready in Notion"}
          }
        ]
      },
      "output_to": "workflow"
    },
    {
      "server": "notes",
      "tool": "create_note",
      "params": {
        "title": "Daily Summary {{date}}",
        "content": "Tasks: {{task_priority.summary}}\\nWorkflow: {{workflow.id}}\\nGitHub: {{github_issues.urls}}"
      }
    }
  ]
}
